Title,Price,Rating,Review Count,Availability
Janasya Indian Women's Pure Cotton Ajrakh Printed Tiered Ready To Wear Lehenga Choli Set,39.,3.7 out of 5 stars,47 ratings,Availability not available
Heer Designer IN Indian Designer Bridal Lehenga Chaniya Choli for Women Readymade Navratri Wedding Partywear ready to wear,110.,3.4 out of 5 stars,24 ratings,Availability not available
STELLACOUTURE indian ready to wear lehenga choli for women flared party night with stitched blouse 8261-U,45.,4.6 out of 5 stars,14 ratings,Availability not available
"Indian Lehenga Choli ready to wear, Wedding Lehenga Choli with Dupatta, Festival Lehenga Choli with stitched Blouse",74.,5.0 out of 5 stars,2 ratings,Availability not available
Nivah Fashion Women's Georgette Embroidery Anarkali Suit Set Stitched,142.,4.0 out of 5 stars,137 ratings,Availability not available
Afibi Women Full/Ankle Length Blending Maxi Chiffon Long Skirt Beach Skirt,34.,4.3 out of 5 stars,"11,022 ratings",Availability not available
Traditional Partywear Navratri Wedding Ghagra Chaniya Lehenga Choli Set for Women Ready to Wear with Stitched Blouse Dupatta,74.,3.0 out of 5 stars,7 ratings,Availability not available
TRENDMALLS Embroidery Sequence Work Semi-Stitched Lehenga Choli with Net Dupatta For Women,110.,3.7 out of 5 stars,42 ratings,
STELLACOUTURE indian ready to wear lehenga choli for women flared party night with stitched blouse 8332-U,89.,5.0 out of 5 stars,7 ratings,Availability not available
TRENDMALLS Women's Georgette Embroidery Anarkali Suit Set Indian Pakistani Wedding Ethnic,79.,3.8 out of 5 stars,26 ratings,Availability not available
Indian Bollywood Designer Ready to Wear Lehenga Choli Party Wear Pakistani Beautiful Lengha Choli,67.,5.0 out of 5 stars,4 ratings,Availability not available
TRENDMALLS Embroidery Sequence Work Stitched Lehenga Choli Blouse with Dupatta For Women-L66-White-XXL(Wedding-Bridal-Latest-Lehenga-Choli),149.,Previous page of related Sponsored Products,Review count not available,Temporarily out of stock.
